Archi,Archi,burro,Valmanya,França,H,jpg
Fabio,Fabio,burro,Valmanya,França,H,jpg
Lilith,Lilith,cabra,Valmanya,França,H,JPG
Anònim 1 burro,Anònim 1,burro,Valmanya,França,V,jpg
Anònim 2 burro,Anònim 2,burro,Valmanya,França,H,jpg
Anònim 1 ovella,Anònim 1,ovella,Valmanya,França,H,jpg
Anònim 2 ovella,Anònim 2,ovella,Valmanya,França,H,jpg
Acca,Acca,gos,Mastarone,Itàlia,H,jpg
Eco,Eco,gos,Mastarone,Itàlia,H,jpg
Amole,Amole (Maria) (†),gat,Mastarone,Itàlia,H,jpg
Milu,Milu,gat,Mastarone,Itàlia,H,jpg
Steven,Steven,ovella,Mastarone,Itàlia,H,jpg
Pommie,Pommie,gos,Monte San Pietro,Itàlia,H,jpg
Dino,Dino (Eusebi),gat,Monte San Pietro,Itàlia,V,jpeg
Gigi,Gigi (Paula),gat,Monte San Pietro,Itàlia,V,jpg
Filakia,Φιλάκια,gos,Prinilas,Grècia,V,jpg
Lulu,Λούλου (Mr. Pedos),gat,Prinilas,Grècia,V,jpg
Timidonsio,Timidonsio,gat,Prinilas,Grècia,H,jpg
Sofia,Sofia,gat,Prinilas,Grècia,H,jpg
Terminator,Terminator,gat,Prinilas,Grècia,H,jpg
Vaca,La Vaca,vaca,Mastarone,Itàlia,V,jpg
Brau,El Brau,brau,Mastarone,Itàlia,V,jpg
Anònim 3 ovella,Anònim 3,ovella,Mastarone,Itàlia,H,jpg
Anònim 4 ovella,Anònim 4,ovella,Mastarone,Itàlia,V,jpg
Moksha,Moksha,gat,Picherande,França,H,jpg
Noisette,Noisette,gat,Picherande,França,H,jpg